<?xml version="1.0" encoding="utf-8"?>
<!--/593391/1062820/2.50/6/2/Connector/-->
<quadcept_library>
  <setting unit="mil" />
  <textstyle name="Default" height="47.244094488189" strokewidth="7.8740157480315" charwidth="47.244094488189" />
  <textstyle name="Dimension" height="19.6850393700787" strokewidth="0" charwidth="19.6850393700787" />
  <textstyle name="H127W0635TH00762" height="50" strokewidth="3" charwidth="25" />
  <textstyle name="H15W15TH02" height="59.0551181102362" strokewidth="7.8740157480315" charwidth="59.0551181102362" />
  <padstyle name="c165_h110" surface="False" plated="True" isvia="False" nopaste="True" nomask="True" complex="False" holesize="43.307086614173">
    <padshape layer="TOP" shape="round" width="64.960629921259" height="64.960629921259" />
    <padshape layer="TOP_SOLDER_MASK" shape="round" width="72.83464566929" height="72.83464566929" />
    <padshape layer="INNER" shape="round" width="64.960629921259" height="64.960629921259" />
    <padshape layer="BOTTOM" shape="round" width="64.960629921259" height="64.960629921259" />
    <padshape layer="BOTTOM_SOLDER_MASK" shape="round" width="72.83464566929" height="72.83464566929" />
  </padstyle>
  <padstyle name="s165_h110" surface="False" plated="True" isvia="False" nopaste="True" nomask="True" complex="False" holesize="43.307086614173">
    <padshape layer="TOP" shape="square" width="64.960629921259" height="64.960629921259" />
    <padshape layer="TOP_SOLDER_MASK" shape="square" width="72.83464566929" height="72.83464566929" />
    <padshape layer="INNER" shape="round" width="64.960629921259" height="64.960629921259" />
    <padshape layer="BOTTOM" shape="square" width="64.960629921259" height="64.960629921259" />
    <padshape layer="BOTTOM_SOLDER_MASK" shape="square" width="72.83464566929" height="72.83464566929" />
  </padstyle>
  <footprint name="RHDR6W64P254_1X6_1575X241X851P" originx="0" originy="0" pickpointx="0" pickpointy="0">
    <pcbpin number="1" name="1" style="s165_h110" originx="0" originy="0" rotation="90" />
    <pcbpin number="2" name="2" style="c165_h110" originx="-99.999999999999" originy="0" rotation="90" />
    <pcbpin number="3" name="3" style="c165_h110" originx="-200" originy="0" rotation="90" />
    <pcbpin number="4" name="4" style="c165_h110" originx="-300" originy="0" rotation="90" />
    <pcbpin number="5" name="5" style="c165_h110" originx="-400" originy="0" rotation="90" />
    <pcbpin number="6" name="6" style="c165_h110" originx="-499.99999999999" originy="0" rotation="90" />
    <line layer="TOP_PLACE_BOUND" originx="69.881889763779" originy="-57.283464566928" endx="-569.88188976377" endy="-57.283464566928" width="1.9685039370079" />
    <line layer="TOP_PLACE_BOUND" originx="-569.88188976377" originy="-57.283464566928" endx="-569.88188976377" endy="57.283464566928" width="1.9685039370079" />
    <line layer="TOP_PLACE_BOUND" originx="-569.88188976377" originy="57.283464566928" endx="69.881889763779" endy="57.283464566928" width="1.9685039370079" />
    <line layer="TOP_PLACE_BOUND" originx="69.881889763779" originy="57.283464566928" endx="69.881889763779" endy="-57.283464566928" width="1.9685039370079" />
    <line layer="TOP_ASSEMBLY" originx="60.039370078739" originy="-47.440944881889" endx="-560.03937007873" endy="-47.440944881889" width="3.9370078740157" />
    <line layer="TOP_ASSEMBLY" originx="-560.03937007873" originy="-47.440944881889" endx="-560.03937007873" endy="47.440944881889" width="3.9370078740157" />
    <line layer="TOP_ASSEMBLY" originx="-560.03937007873" originy="47.440944881889" endx="60.039370078739" endy="47.440944881889" width="3.9370078740157" />
    <line layer="TOP_ASSEMBLY" originx="60.039370078739" originy="47.440944881889" endx="60.039370078739" endy="-47.440944881889" width="3.9370078740157" />
    <line layer="TOP_SILKSCREEN" originx="0" originy="-47.440944881889" endx="-560.03937007873" endy="-47.440944881889" width="7.8740157480314" />
    <line layer="TOP_SILKSCREEN" originx="-560.03937007873" originy="-47.440944881889" endx="-560.03937007873" endy="47.440944881889" width="7.8740157480314" />
    <line layer="TOP_SILKSCREEN" originx="-560.03937007873" originy="47.440944881889" endx="60.039370078739" endy="47.440944881889" width="7.8740157480314" />
    <line layer="TOP_SILKSCREEN" originx="60.039370078739" originy="47.440944881889" endx="60.039370078739" endy="0" width="7.8740157480314" />
  </footprint>
  <symbol name="SSQ-106-03-G-S" originx="0" originy="0">
    <line originx="200" originy="100" endx="600" endy="100" width="0" />
    <line originx="600" originy="-600" endx="600" endy="100" width="0" />
    <line originx="600" originy="-600" endx="200" endy="-600" width="0" />
    <line originx="200" originy="100" endx="200" endy="-600" width="0" />
    <sympin number="1" originx="200" originy="0" rotation="180" length="100" width="7.8740157480315" flipped="False">
      <text name="pinname" originx="230" originy="0" style="Default" rotation="0" justify="left" flipped="False" hidden="False" data="1" />
      <text name="pindes" originx="140" originy="20" style="Default" rotation="0" justify="lowerright" flipped="False" hidden="False" data="1" />
    </sympin>
    <sympin number="2" originx="200" originy="-100" rotation="180" length="100" width="7.8740157480315" flipped="False">
      <text name="pinname" originx="230" originy="-100" style="Default" rotation="0" justify="left" flipped="False" hidden="False" data="2" />
      <text name="pindes" originx="140" originy="-80" style="Default" rotation="0" justify="lowerright" flipped="False" hidden="False" data="2" />
    </sympin>
    <sympin number="3" originx="200" originy="-200" rotation="180" length="100" width="7.8740157480315" flipped="False">
      <text name="pinname" originx="230" originy="-200" style="Default" rotation="0" justify="left" flipped="False" hidden="False" data="3" />
      <text name="pindes" originx="140" originy="-180" style="Default" rotation="0" justify="lowerright" flipped="False" hidden="False" data="3" />
    </sympin>
    <sympin number="4" originx="200" originy="-300" rotation="180" length="100" width="7.8740157480315" flipped="False">
      <text name="pinname" originx="230" originy="-300" style="Default" rotation="0" justify="left" flipped="False" hidden="False" data="4" />
      <text name="pindes" originx="140" originy="-280" style="Default" rotation="0" justify="lowerright" flipped="False" hidden="False" data="4" />
    </sympin>
    <sympin number="5" originx="200" originy="-400" rotation="180" length="100" width="7.8740157480315" flipped="False">
      <text name="pinname" originx="230" originy="-400" style="Default" rotation="0" justify="left" flipped="False" hidden="False" data="5" />
      <text name="pindes" originx="140" originy="-380" style="Default" rotation="0" justify="lowerright" flipped="False" hidden="False" data="5" />
    </sympin>
    <sympin number="6" originx="200" originy="-500" rotation="180" length="100" width="7.8740157480315" flipped="False">
      <text name="pinname" originx="230" originy="-500" style="Default" rotation="0" justify="left" flipped="False" hidden="False" data="6" />
      <text name="pindes" originx="140" originy="-480" style="Default" rotation="0" justify="lowerright" flipped="False" hidden="False" data="6" />
    </sympin>
  </symbol>
  <component name="SSQ-106-03-G-S" designatorprefix="J" height="335.03937007874" footprint="RHDR6W64P254_1X6_1575X241X851P">
    <comppin designator="1" sympin="1" pinswap="0" gateswap="0" gate="1" group="1" side="" type="Any" name="1" />
    <comppin designator="2" sympin="2" pinswap="0" gateswap="0" gate="1" group="1" side="" type="Any" name="2" />
    <comppin designator="3" sympin="3" pinswap="0" gateswap="0" gate="1" group="1" side="" type="Any" name="3" />
    <comppin designator="4" sympin="4" pinswap="0" gateswap="0" gate="1" group="1" side="" type="Any" name="4" />
    <comppin designator="5" sympin="5" pinswap="0" gateswap="0" gate="1" group="1" side="" type="Any" name="5" />
    <comppin designator="6" sympin="6" pinswap="0" gateswap="0" gate="1" group="1" side="" type="Any" name="6" />
    <attached_symbol gate="1" name="SSQ-106-03-G-S" />
    <pinmap designator="1" footprintpin="1" />
    <pinmap designator="2" footprintpin="2" />
    <pinmap designator="3" footprintpin="3" />
    <pinmap designator="4" footprintpin="4" />
    <pinmap designator="5" footprintpin="5" />
    <pinmap designator="6" footprintpin="6" />
    <text name="Datasheet" originx="0" originy="0" style="Default" rotation="0" justify="" flipped="False" hidden="True" data="http://suddendocs.samtec.com/prints/ssq-1xx-xx-xxx-x-xx-xxx-xx-x-mkt.pdf" />
    <text name="Description" originx="0" originy="0" style="Default" rotation="0" justify="" flipped="False" hidden="True" data="6 Position, .100&amp;quot; Tiger Buy&amp;trade; Socket Strip, Square Tail, Single Row" />
    <text name="Mouser Part Number" originx="0" originy="0" style="Default" rotation="0" justify="" flipped="False" hidden="True" data="200-SSQ10603GS" />
    <text name="Mouser Price/Stock" originx="0" originy="0" style="Default" rotation="0" justify="" flipped="False" hidden="True" data="https://www.mouser.co.uk/ProductDetail/Samtec/SSQ-106-03-G-S?qs=rU5fayqh%252BE1Zh2ics08F5Q%3D%3D" />
    <text name="Manufacturer_Name" originx="0" originy="0" style="Default" rotation="0" justify="" flipped="False" hidden="True" data="SAMTEC" />
    <text name="Manufacturer_Part_Number" originx="650" originy="200" style="Default" rotation="0" justify="left" flipped="False" hidden="False" data="SSQ-106-03-G-S" />
  </component>
</quadcept_library>
